{"cameraMode":{"drawMode":0,"name":"Shaded","section":"Shading Mode"},"sceneLighting":false,"audioPlay":false,"sceneViewState":{"m_AlwaysRefresh":false,"showFog":true,"showSkybox":false,"showFlares":true,"showImageEffects":true,"showParticleSystems":true,"showVisualEffectGraphs":true,"m_FxEnabled":true},"in2DMode":false,"pivot":{"x":-11.561090469360352,"y":-3.696122169494629,"z":-4.633326530456543},"rotation":{"x":0.14959606528282166,"y":-0.04417049139738083,"z":0.0066939424723386768,"w":0.9877464175224304},"size":295.2524719238281,"orthographic":false}